<?xml version="1.0" encoding="UTF-8"?>
<metadata xml:lang="en"><Esri><CreaDate>20130226</CreaDate><CreaTime>12291900</CreaTime><ArcGISFormat>1.0</ArcGISFormat><SyncOnce>TRUE</SyncOnce><DataProperties><lineage><Process ToolSource="c:\program files (x86)\arcgis\desktop10.1\ArcToolbox\Toolboxes\Conversion Tools.tbx\FeatureToRaster" Date="20130226" Time="122919">FeatureToRaster sample_swds DEM_MEAN C:\MMB\research_manuscript\2012_billah_irods\data\basinCoverage\sample_swds 0.125</Process></lineage></DataProperties></Esri></metadata>
