<?xml version="1.0" encoding="UTF-8"?>
<metadata xml:lang="en"><Esri><CreaDate>20130226</CreaDate><CreaTime>12350500</CreaTime><ArcGISFormat>1.0</ArcGISFormat><SyncOnce>TRUE</SyncOnce><DataProperties><lineage><Process ToolSource="c:\program files (x86)\arcgis\desktop10.1\ArcToolbox\Toolboxes\Conversion Tools.tbx\ASCIIToRaster" Date="20130226" Time="123505">ASCIIToRaster C:\MMB\research_manuscript\2012_billah_irods\data\basinCoverage\sample_swds.asc C:\MMB\research_manuscript\2012_billah_irods\data\basinCoverage\sample_swdsnt INTEGER</Process></lineage></DataProperties></Esri></metadata>
