<?xml version="1.0"?>
<!--<!DOCTYPE metadata SYSTEM "http://www.esri.com/metadata/esriprof80.dtd">-->
<metadata xml:lang="en"><Esri><CreaDate>20130226</CreaDate><CreaTime>12204600</CreaTime><SyncOnce>TRUE</SyncOnce><DataProperties><lineage><Process ToolSource="C:\Program Files\ArcGIS\ArcToolbox\Toolboxes\Data Management Tools.tbx\Project" Date="20100709" Time="125227">Project "na_bas polygon" c:\MMB\VIC\raw_data\na_bas\na_bas.e00\na_bas_geo.shp GEOGCS['GCS_North_American_1983',DATUM['D_North_American_1983',SPHEROID['GRS_1980',6378137.0,298.257222101]],PRIMEM['Greenwich',0.0],UNIT['Degree',0.0174532925199433]] # PROJCS['Sphere_ARC_INFO_Lambert_Azimuthal_Equal_Area',GEOGCS['GCS_Sphere_ARC_INFO',DATUM['D_Sphere_ARC_INFO',SPHEROID['Sphere_ARC_INFO',6370997.0,0.0]],PRIMEM['Greenwich',0.0],UNIT['Degree',0.0174532925199433]],PROJECTION['Lambert_Azimuthal_Equal_Area'],PARAMETER['False_Easting',0.0],PARAMETER['False_Northing',0.0],PARAMETER['Central_Meridian',-100.0],PARAMETER['Latitude_Of_Origin',45.0],UNIT['Meter',1.0]]</Process><Process ToolSource="c:\program files (x86)\arcgis\desktop10.1\ArcToolbox\Toolboxes\Data Management Tools.tbx\DefineProjection" Date="20130226" Time="122710">DefineProjection sample_swds GEOGCS['GCS_North_American_1983',DATUM['D_North_American_1983',SPHEROID['GRS_1980',6378137.0,298.257222101]],PRIMEM['Greenwich',0.0],UNIT['Degree',0.0174532925199433]]</Process></lineage><itemProps><itemLocation><linkage Sync="TRUE">file://\\CEE-B115-01\C$\MMB\research_manuscript\2012_billah_irods\data\basinCoverage\sample_swds</linkage><protocol Sync="TRUE">Local Area Network</protocol></itemLocation></itemProps><copyHistory><copy source="C:\MMB\research_manuscript\2012_billah_irods\data\sample_swds" dest="\\CEE-B115-01\C$\MMB\research_manuscript\2012_billah_irods\data\basinCoverage\sample_swds" date="20130226" time="12221100"></copy></copyHistory></DataProperties><ArcGISFormat>1.0</ArcGISFormat></Esri></metadata>
